,1. open,2. high,3. low,4. close,5. adjusted close,6. volume,7. dividend amount,8. split coefficient,1. open,2. high,3. low,4. close,5. adjusted close,6. volume,7. dividend amount,8. split coefficient,1. open,2. high,3. low,4. close,5. adjusted close,6. volume,7. dividend amount,8. split coefficient,1. open,2. high,3. low,4. close,5. adjusted close,6. volume,7. dividend amount,8. split coefficient
2020-12-11,122.43,122.76,120.55,122.41,122.41,86939786,0.0000,1.0,210.05,213.32,209.11,213.26,213.26,30979440,0.0000,1.0,3096.66,3118.67,3072.82,3116.42,3116.42,3064695,0.0000,1.0,615.01,624.0,596.8,609.99,609.99,46474974,0.0000,1.0
2020-12-10,120.5,123.87,120.15,123.24,123.24,81312170,0.0000,1.0,211.77,213.08,210.36,210.52,210.52,26467017,0.0000,1.0,3088.99,3142.1,3076.0,3101.49,3101.49,3030186,0.0000,1.0,574.37,627.75,566.34,627.07,627.07,67083153,0.0000,1.0
2020-12-09,124.53,125.95,121.0,121.78,121.78,115089193,0.0000,1.0,215.16,215.225,211.214,211.8,211.8,32440603,0.0000,1.0,3167.89,3174.43,3088.0,3104.2,3104.2,4100836,0.0000,1.0,653.69,654.32,588.0,604.48,604.48,71291190,0.0000,1.0
2020-12-08,124.37,124.98,123.09,124.38,124.38,82225512,0.0000,1.0,213.97,216.95,212.89,216.01,216.01,23284094,0.0000,1.0,3158.9,3184.13,3120.02,3177.29,3177.29,3286303,0.0000,1.0,625.505,651.28,618.5,649.88,649.88,64265029,0.0000,1.0
2020-12-07,122.31,124.57,122.25,123.75,123.75,86711990,0.0000,1.0,214.37,215.54,212.99,214.29,214.29,24619997,0.0000,1.0,3156.48,3180.76,3141.69,3158.0,3158.0,2751316,0.0000,1.0,604.9197,648.7856,603.05,641.76,641.76,56309709,0.0000,1.0
2020-12-04,122.6,122.8608,121.52,122.25,122.25,78260421,0.0000,1.0,214.22,215.38,213.18,214.36,214.36,24666039,0.0000,1.0,3198.21,3198.21,3158.76,3162.58,3162.58,2913611,0.0000,1.0,591.01,599.04,585.5,599.04,599.04,29401314,0.0000,1.0
2020-12-03,123.52,123.78,122.21,122.94,122.94,78967630,0.0000,1.0,214.61,216.3757,213.65,214.24,214.24,25120922,0.0000,1.0,3205.46,3228.64,3181.31,3186.73,3186.73,2892039,0.0000,1.0,590.02,598.97,582.43,593.38,593.38,42552003,0.0000,1.0
2020-12-02,122.02,123.37,120.89,123.08,123.08,89004195,0.0000,1.0,214.88,215.47,212.8,215.37,215.37,23724509,0.0000,1.0,3221.65,3232.0,3173.2601,3203.53,3203.53,3129304,0.0000,1.0,556.44,571.54,541.21,568.82,568.82,47775653,0.0000,1.0
2020-12-01,121.01,123.4693,120.01,122.72,122.72,125920963,0.0000,1.0,214.51,217.32,213.35,216.21,216.21,30498026,0.0000,1.0,3188.5,3248.95,3157.18,3220.08,3220.08,4493554,0.0000,1.0,597.59,597.85,572.05,584.76,584.76,39133346,0.0000,1.0
2020-11-30,116.97,120.97,116.81,119.05,119.05,169410176,0.0000,1.0,214.1,214.76,210.835,214.07,214.07,33064753,0.0000,1.0,3208.48,3228.39,3125.55,3168.04,3168.04,4063916,0.0000,1.0,602.21,607.8,554.51,567.6,567.6,63003052,0.0000,1.0
2020-11-27,116.57,117.49,116.22,116.59,116.59,46691331,0.0000,1.0,214.85,216.27,214.04,215.23,215.23,14512213,0.0000,1.0,3211.26,3216.19,3190.05,3195.34,3195.34,2392867,0.0000,1.0,581.16,598.78,578.45,585.76,585.76,37561078,0.0000,1.0
2020-11-25,115.55,116.75,115.17,116.03,116.03,76499234,0.0000,1.0,215.11,215.29,212.46,213.87,213.87,21012887,0.0000,1.0,3141.87,3198.0,3140.26,3185.07,3185.07,3790403,0.0000,1.0,550.06,574.0,545.37,574.0,574.0,48930162,0.0000,1.0
2020-11-24,113.91,115.85,112.59,115.17,115.17,113226248,0.0000,1.0,209.59,214.25,208.86,213.86,213.86,33830438,0.0000,1.0,3100.5,3134.25,3086.258,3118.06,3118.06,3570889,0.0000,1.0,540.4,559.99,526.2,555.38,555.38,52058771,0.0000,1.0
2020-11-23,117.18,117.6202,113.75,113.85,113.85,127959318,0.0000,1.0,210.95,212.29,208.16,210.11,210.11,25683507,0.0000,1.0,3116.6986,3139.745,3065.46,3098.39,3098.39,4708887,0.0000,1.0,503.5,526.0,501.79,521.85,521.85,50260304,0.0000,1.0
2020-11-20,118.64,118.77,117.29,117.34,117.34,73604287,0.0000,1.0,212.2,213.285,210.0,210.39,210.39,22843119,0.0000,1.0,3117.02,3132.89,3098.0456,3099.4,3099.4,3380138,0.0000,1.0,497.99,502.5,489.06,489.61,489.61,32911922,0.0000,1.0
2020-11-19,117.59,119.06,116.81,118.64,118.64,74112972,0.0000,1.0,211.38,213.03,209.93,212.42,212.42,24792746,0.0000,1.0,3105.31,3125.0,3080.92,3117.02,3117.02,3010270,0.0000,1.0,492.0,508.6112,487.57,499.27,499.27,62475346,0.0000,1.0
2020-11-18,118.61,119.82,118.0,118.03,118.03,76322111,0.0000,1.0,213.65,215.17,210.93,211.08,211.08,28372789,0.5600,1.0,3134.0,3140.0,3105.1,3105.46,3105.46,2916836,0.0000,1.0,448.35,496.0,443.5001,486.64,486.64,78044024,0.0000,1.0
2020-11-17,119.55,120.6741,118.96,119.39,119.39,74270973,0.0000,1.0,216.1,217.68,214.08,214.46,213.892538273,24154112,0.0000,1.0,3183.5445,3189.25,3135.26,3135.66,3135.66,3444735,0.0000,1.0,460.17,462.0,433.01,441.61,441.61,61188281,0.0000,1.0
2020-11-16,118.92,120.99,118.146,120.3,120.3,91183018,0.0000,1.0,214.87,217.74,214.52,217.23,216.655208845,24953344,0.0000,1.0,3093.2,3142.7,3072.685,3131.06,3131.06,3808676,0.0000,1.0,408.93,412.45,404.0868,408.09,408.09,26838635,0.0000,1.0
2020-11-13,119.44,119.6717,117.87,119.26,119.26,81688586,0.0000,1.0,216.36,217.42,214.16,216.51,215.937113967,18630307,0.0000,1.0,3122.0,3141.7227,3085.39,3128.81,3128.81,3762587,0.0000,1.0,410.85,412.5319,401.66,408.5,408.5,19830351,0.0000,1.0
2020-11-12,119.62,120.53,118.57,119.21,119.21,103350674,0.0000,1.0,217.21,219.11,214.46,215.44,214.86994519,21616115,0.0000,1.0,3159.95,3175.88,3086.05,3110.28,3110.28,4371208,0.0000,1.0,415.05,423.0,409.52,411.76,411.76,19940500,0.0000,1.0
2020-11-11,117.19,119.63,116.44,119.49,119.49,112294954,0.0000,1.0,212.39,218.04,212.2,216.55,215.977008127,29440788,0.0000,1.0,3061.78,3139.145,3050.0,3137.39,3137.39,4366923,0.0000,1.0,416.45,418.695,410.58,417.13,417.13,17357722,0.0000,1.0
2020-11-10,115.55,117.59,114.13,115.97,115.97,138023390,0.0000,1.0,214.5,216.5,209.72,211.01,210.451666982,44045120,0.0000,1.0,3095.02,3114.0,3019.4828,3035.02,3035.02,6590956,0.0000,1.0,420.09,420.09,396.0301,410.36,410.36,30284224,0.0000,1.0
2020-11-09,120.5,121.99,116.05,116.32,116.32,154515315,0.0000,1.0,224.435,228.12,217.88,218.39,217.812139482,44394950,0.0000,1.0,3231.03,3289.0,3112.1057,3143.74,3143.74,7190406,0.0000,1.0,439.5,452.5,421.0,421.26,421.26,34833025,0.0000,1.0
2020-11-06,118.32,119.2,116.13,118.69,118.69,114457922,0.2050,1.0,222.26,224.36,218.03,223.72,223.128036288,25231895,0.0000,1.0,3304.64,3322.0,3232.0,3311.37,3311.37,4647330,0.0000,1.0,436.1,436.57,424.28,429.95,429.95,21706014,0.0000,1.0
2020-11-05,117.95,119.62,116.8686,119.03,118.824767232,126387074,0.0000,1.0,222.04,224.12,221.15,223.29,222.699174069,36080137,0.0000,1.0,3319.97,3366.8,3288.88,3322.0,3322.0,5789285,0.0000,1.0,428.3,440.0,424.0001,438.09,438.09,28414523,0.0000,1.0
2020-11-04,114.14,115.59,112.35,114.95,114.75180201,138235482,0.0000,1.0,214.02,218.32,212.4185,216.39,215.817431487,42311777,0.0000,1.0,3159.99,3244.85,3139.73,3241.16,3241.16,6839041,0.0000,1.0,430.62,435.4,417.1,420.98,420.98,32143057,0.0000,1.0
2020-11-03,109.66,111.49,108.73,110.44,110.249578199,107624448,0.0000,1.0,203.89,208.12,203.12,206.43,205.883785674,27512030,0.0000,1.0,3018.53,3074.9,2980.98,3048.41,3048.41,4897880,0.0000,1.0,409.73,427.77,406.69,423.9,423.9,34351715,0.0000,1.0
2020-11-02,109.11,110.68,107.32,108.77,108.582457631,122866899,0.0000,1.0,204.29,205.28,200.12,202.33,201.794634285,30842163,0.0000,1.0,3061.74,3079.705,2950.12,3004.48,3004.48,7257350,0.0000,1.0,394.0,406.9799,392.3,400.51,400.51,29021118,0.0000,1.0
2020-10-30,111.06,111.99,107.72,108.86,108.672302452,190573476,0.0000,1.0,203.5,204.29,199.62,202.47,201.934263844,36980111,0.0000,1.0,3157.75,3167.004,3019.0,3036.15,3036.15,8396081,0.0000,1.0,406.8954,407.5915,379.11,388.04,388.04,42587639,0.0000,1.0
2020-10-29,112.37,116.93,112.2,115.32,115.121164052,146129173,0.0000,1.0,204.07,207.36,203.37,204.72,204.178310338,31432563,0.0000,1.0,3201.27,3257.25,3164.0,3211.01,3211.01,6596529,0.0000,1.0,409.96,418.06,406.46,410.83,410.83,22655308,0.0000,1.0
2020-10-28,115.05,115.43,111.1,111.2,111.008267799,143937823,0.0000,1.0,207.67,208.84,202.1,202.68,202.143708184,51195593,0.0000,1.0,3249.3,3264.02,3162.47,3162.78,3162.78,5588330,0.0000,1.0,416.48,418.6,406.0,406.02,406.02,25451409,0.0000,1.0
2020-10-27,115.49,117.28,114.5399,116.6,116.398957063,92276772,0.0000,1.0,211.59,214.67,210.329,213.25,212.685739936,36700325,0.0000,1.0,3224.94,3291.66,3211.3,3286.33,3286.33,4291047,0.0000,1.0,423.76,430.5,420.1,424.68,424.68,22686506,0.0000,1.0
2020-10-26,114.01,116.55,112.88,115.05,114.851629589,111850657,0.0000,1.0,213.85,216.3399,208.1,210.08,209.524127764,37111561,0.0000,1.0,3198.74,3282.9799,3153.3,3207.04,3207.04,5901151,0.0000,1.0,411.63,425.76,410.0,420.28,420.28,28239161,0.0000,1.0
2020-10-23,116.39,116.55,114.28,115.04,114.841646831,82572645,0.0000,1.0,215.03,216.28,213.16,216.23,215.657854848,18879608,0.0000,1.0,3191.0,3205.33,3140.0,3204.4,3204.4,3466687,0.0000,1.0,421.84,422.8859,407.3801,420.63,420.63,33716980,0.0000,1.0
2020-10-22,117.45,118.04,114.59,115.75,115.550422642,101987954,0.0000,1.0,213.93,216.055,211.7,214.89,214.321400491,22351450,0.0000,1.0,3189.87,3198.75,3121.94,3176.4,3176.4,4212005,0.0000,1.0,441.92,445.23,424.51,425.79,425.79,39993191,0.0000,1.0
2020-10-21,116.67,118.705,116.45,116.87,116.668491526,89945980,0.0000,1.0,213.12,216.92,213.12,214.8,214.231638632,22724906,0.0000,1.0,3212.5,3233.875,3160.0,3184.94,3184.94,4592736,0.0000,1.0,422.7,432.95,421.25,422.64,422.64,32370461,0.0000,1.0
2020-10-20,116.2,118.98,115.63,117.51,117.307388031,124423728,0.0000,1.0,215.8,217.37,213.0901,214.65,214.082035532,22753511,0.0000,1.0,3222.28,3266.0,3192.01,3217.01,3217.01,4509678,0.0000,1.0,431.75,431.75,419.0501,421.94,421.94,31656289,0.0000,1.0
2020-10-19,119.96,120.419,115.66,115.98,115.780026073,120639337,0.0000,1.0,220.415,222.3,213.72,214.22,213.653173313,27625841,0.0000,1.0,3299.61,3329.0,3192.735,3207.21,3207.21,5223626,0.0000,1.0,446.24,447.0,428.87,430.83,430.83,36287843,0.0000,1.0
2020-10-16,121.28,121.548,118.81,119.02,118.814784474,115393808,0.0000,1.0,220.15,222.29,219.32,219.66,219.078779059,26057882,0.0000,1.0,3363.23,3399.6606,3160.0,3272.71,3272.71,6474353,0.0000,1.0,454.44,455.9499,438.85,439.67,439.67,32775879,0.0000,1.0
2020-10-15,118.72,121.2,118.15,120.71,120.501870558,112559219,0.0000,1.0,217.1,220.36,216.01,219.66,219.078779059,22733064,0.0000,1.0,3292.01,3355.88,3280.0,3338.65,3338.65,5223448,0.0000,1.0,450.31,456.57,442.5,448.88,448.88,35672354,0.0000,1.0
2020-10-14,121.0,123.03,119.62,121.19,120.981042937,151062308,0.0000,1.0,223.0,224.22,219.13,220.86,220.275603856,23451713,0.0000,1.0,3447.0,3464.88,3340.0,3363.71,3363.71,5828916,0.0000,1.0,449.78,465.9,447.35,461.3,461.3,48045394,0.0000,1.0
2020-10-13,125.27,125.39,119.65,121.1,120.891198116,262330451,0.0000,1.0,222.72,225.21,220.43,222.86,222.27031185,28950843,0.0000,1.0,3467.99,3492.38,3424.217,3443.63,3443.63,5744697,0.0000,1.0,443.35,448.89,436.6,446.65,446.65,34463665,0.0000,1.0
2020-10-12,120.06,125.18,119.2845,124.4,124.185508222,240226769,0.0000,1.0,218.79,223.86,216.81,221.4,220.814175014,40461368,0.0000,1.0,3349.94,3496.24,3339.55,3442.93,3442.93,8364198,0.0000,1.0,442.0,448.74,438.58,442.3,442.3,38791133,0.0000,1.0
2020-10-09,115.28,117.0,114.92,116.97,116.768319105,100506865,0.0000,1.0,211.23,215.86,211.23,215.81,215.238966169,26458047,0.0000,1.0,3210.0,3288.99,3197.83,3286.65,3286.65,4907871,0.0000,1.0,430.13,434.5899,426.4601,434.0,434.0,28925656,0.0000,1.0
2020-10-08,116.25,116.4,114.5901,114.97,114.771767526,83477153,0.0000,1.0,210.51,211.19,208.32,210.58,210.022804763,19925837,0.0000,1.0,3224.99,3233.2944,3174.99,3190.55,3190.55,3174114,0.0000,1.0,438.44,439.0,425.3,425.92,425.92,40421116,0.0000,1.0
2020-10-07,114.62,115.55,114.13,115.08,114.881577863,96848985,0.0000,1.0,207.06,210.11,206.72,209.83,209.274789265,25681054,0.0000,1.0,3135.0,3200.0,3132.385,3195.69,3195.69,4309439,0.0000,1.0,419.87,429.9,413.845,425.3,425.3,43127709,0.0000,1.0
2020-10-06,115.7,116.12,112.25,113.16,112.964888347,161498212,0.0000,1.0,208.82,210.18,204.82,205.91,205.365161595,28554261,0.0000,1.0,3165.0,3182.0,3090.0,3099.96,3099.96,5086857,0.0000,1.0,423.79,428.7799,406.05,413.98,413.98,49146259,0.0000,1.0
2020-10-05,113.91,116.65,113.55,116.5,116.299129484,106243839,0.0000,1.0,207.22,210.41,206.98,210.38,209.823333963,21331561,0.0000,1.0,3145.84,3202.53,3140.85,3199.2,3199.2,3775332,0.0000,1.0,423.35,433.64,419.33,425.68,425.68,44722786,0.0000,1.0
2020-10-02,112.89,115.37,112.22,113.02,112.825129736,144711986,0.0000,1.0,208.0,210.99,205.54,206.19,205.644420714,33154781,0.0000,1.0,3153.63,3195.7965,3123.0,3125.0,3125.0,5613098,0.0000,1.0,421.39,439.13,415.0,415.09,415.09,71430025,0.0000,1.0
2020-10-01,117.64,117.72,115.83,116.79,116.588629463,116120440,0.0000,1.0,213.49,213.99,211.32,212.46,211.897830278,27158418,0.0000,1.0,3208.0,3224.0,3172.0,3221.26,3221.26,4971922,0.0000,1.0,440.76,448.88,434.42,448.16,448.16,50741454,0.0000,1.0
2020-09-30,113.79,117.26,113.62,115.81,115.610319189,142675184,0.0000,1.0,207.73,211.98,206.54,210.33,209.773466263,33829088,0.0000,1.0,3141.14,3212.88,3133.99,3148.73,3148.73,4896101,0.0000,1.0,421.32,433.93,420.47,429.01,429.01,48145566,0.0000,1.0
2020-09-29,114.55,115.31,113.57,114.09,113.893284831,100060526,0.0000,1.0,209.35,210.07,206.81,207.26,206.711589492,24464472,0.0000,1.0,3175.39,3188.26,3132.54,3144.88,3144.88,3503398,0.0000,1.0,416.0,428.5,411.6,419.07,419.07,50341404,0.0000,1.0
2020-09-28,115.01,115.32,112.78,114.96,114.761784768,137672403,0.0000,1.0,210.88,212.57,208.06,209.44,208.885821206,32004936,0.0000,1.0,3148.85,3175.04,3117.1684,3174.05,3174.05,4224165,0.0000,1.0,424.62,428.08,415.55,421.2,421.2,49719561,0.0000,1.0
2020-09-25,108.43,112.44,107.67,112.28,112.086405652,149981441,0.0000,1.0,203.55,209.04,202.54,207.82,207.27010773,29437312,0.0000,1.0,3054.86,3101.54,2999.0,3095.13,3095.13,4615202,0.0000,1.0,393.47,408.7323,391.3,407.34,407.34,67208459,0.0000,1.0
2020-09-24,105.17,110.25,105.0,108.22,108.033405946,167743349,0.0000,1.0,199.85,205.57,199.2,203.19,202.652358722,31202493,0.0000,1.0,2977.79,3069.3,2965.0,3019.79,3019.79,5529392,0.0000,1.0,363.8,399.5,351.3,387.79,387.79,96561061,0.0000,1.0
2020-09-23,111.62,112.11,106.77,107.12,106.935302578,150718671,0.0000,1.0,207.9,208.1,200.03,200.59,200.059238329,30803780,0.0000,1.0,3120.43,3126.999,2992.3759,2999.86,2999.86,5652665,0.0000,1.0,405.16,412.15,375.8801,380.36,380.36,95074176,0.0000,1.0
2020-09-22,112.68,112.86,109.16,111.81,111.617216031,183055373,0.0000,1.0,205.06,208.1,202.075,207.42,206.871166131,33517065,0.0000,1.0,3033.835,3133.99,3000.2,3128.99,3128.99,6948816,0.0000,1.0,429.6,437.76,417.6001,424.23,424.23,79580795,0.0000,1.0
2020-09-21,104.54,110.19,103.1,110.08,109.890198915,195713815,0.0000,1.0,197.19,202.71,196.38,202.54,202.004078624,39839657,0.0000,1.0,2906.5,2962.0,2871.0,2960.47,2960.47,6117925,0.0000,1.0,453.13,455.68,407.07,449.39,449.39,109476800,0.0000,1.0
2020-09-18,110.4,110.88,106.09,106.84,106.655785357,287104882,0.0000,1.0,202.8,203.65,196.25,200.39,199.85976753,55225326,0.0000,1.0,3031.74,3037.8,2905.54,2954.91,2954.91,8892580,0.0000,1.0,447.94,451.0,428.8,442.15,442.15,86406819,0.0000,1.0
2020-09-17,109.72,112.2,108.71,110.34,110.14975062,178010968,0.0000,1.0,200.05,204.33,199.96,202.91,202.373099603,34011257,0.0000,1.0,3009.25,3029.432,2972.55,3008.73,3008.73,6449050,0.0000,1.0,415.6,437.79,408.0001,423.43,423.43,76779163,0.0000,1.0
2020-09-16,115.23,116.0,112.04,112.13,111.936664284,155026675,0.0000,1.0,210.62,210.65,204.64,205.05,204.507437157,26372464,0.0000,1.0,3179.99,3187.238,3074.15,3078.1,3078.1,4531189,0.0000,1.0,439.87,457.79,435.31,441.76,441.76,72546760,0.0000,1.0
2020-09-15,118.33,118.829,113.61,115.54,115.340784726,184642039,0.0000,1.0,208.42,209.78,206.93,208.78,208.227567568,21823942,0.0000,1.0,3136.16,3175.02,3108.92,3156.13,3156.13,4021535,0.0000,1.0,436.56,461.94,430.7,449.76,449.76,97298228,0.0000,1.0
2020-09-14,114.72,115.93,112.8,115.355,115.156103705,140150087,0.0000,1.0,204.24,209.2,204.03,205.41,204.866484596,30375768,0.0000,1.0,3172.9372,3187.39,3096.0,3102.97,3102.97,4529596,0.0000,1.0,380.95,420.0,373.3,419.62,419.62,83020608,0.0000,1.0
2020-09-11,114.57,115.23,110.0,112.0,111.806888431,180860325,0.0000,1.0,207.2,208.63,201.24,204.03,203.49013608,33620073,0.0000,1.0,3208.69,3217.3409,3083.98,3116.22,3116.22,5093982,0.0000,1.0,381.94,382.5,360.5,372.72,372.72,60717459,0.0000,1.0
2020-09-10,120.36,120.5,112.5,113.49,113.294319357,182274391,0.0000,1.0,213.4,214.74,204.11,205.37,204.826590437,35461514,0.0000,1.0,3307.2188,3349.89,3170.55,3175.11,3175.11,5330741,0.0000,1.0,386.21,398.99,360.56,371.34,371.34,84930608,0.0000,1.0
2020-09-09,117.26,119.14,115.26,117.32,117.117715631,176940455,0.0000,1.0,207.6,214.8399,206.7,211.29,210.730926101,45678986,0.0000,1.0,3202.99,3303.175,3185.0,3268.61,3268.61,5188675,0.0000,1.0,356.6,369.0,341.51,366.28,366.28,79465769,0.0000,1.0
2020-09-08,113.95,118.99,112.68,112.82,112.625474578,231366563,0.0000,1.0,206.5,210.03,202.2,202.66,202.123761104,52924330,0.0000,1.0,3144.0,3250.845,3130.0,3149.84,3149.84,6094205,0.0000,1.0,356.0,368.74,329.88,330.21,330.21,115465691,0.0000,1.0
2020-09-04,120.07,123.7,110.89,120.96,120.751439505,332607163,0.0000,1.0,215.1,218.3599,205.19,214.25,213.683093933,59664072,0.0000,1.0,3318.0,3381.5,3111.13,3294.62,3294.62,8781754,0.0000,1.0,402.81,428.0,372.0201,418.32,418.32,110321885,0.0000,1.0
2020-09-03,126.91,128.84,120.5,120.88,120.671577442,257599640,0.0000,1.0,229.27,229.31,214.9602,217.3,216.725023625,58400288,0.0000,1.0,3485.0,3488.41,3303.0,3368.0,3368.0,8161113,0.0000,1.0,407.23,431.8,402.0,407.0,407.0,87596086,0.0000,1.0
2020-09-02,137.59,137.98,127.0,131.4,131.173438748,200118991,0.0000,1.0,227.97,232.86,227.35,231.65,231.037053487,34080839,0.0000,1.0,3547.0,3552.25,3486.685,3531.45,3531.45,3931476,0.0000,1.0,478.99,479.04,405.1206,447.37,447.37,96176128,0.0000,1.0
2020-09-01,132.76,134.8,130.53,134.18,133.948645443,152470142,0.0000,1.0,225.51,227.45,224.43,227.27,226.668642979,25791235,0.0000,1.0,3489.58,3513.87,3467.0,3499.12,3499.12,3476407,0.0000,1.0,502.14,502.49,470.51,475.05,475.05,90119419,0.0000,1.0
2020-08-31,127.58,131.0,126.0,129.04,128.817507885,223505733,0.0000,4.0,227.0,228.7,224.31,225.53,224.933247023,28774156,0.0000,1.0,3408.99,3495.0,3405.0,3450.96,3450.96,4185885,0.0000,1.0,444.61,500.14,440.11,498.32,498.32,115847020,0.0000,5.0
2020-08-28,504.05,505.77,498.31,499.23,124.592305606,46907479,0.0000,1.0,228.18,230.644,226.58,228.91,228.304303534,26292896,0.0000,1.0,3423.0,3433.3699,3386.5,3401.8,3401.8,2896978,0.0000,1.0,2295.12,2318.49,2186.52,2213.4,442.68,20081176,0.0000,1.0
2020-08-27,508.57,509.94,495.33,500.04,124.794456453,38888096,0.0000,1.0,222.89,231.15,219.4,226.58,225.98046872,57602195,0.0000,1.0,3450.05,3453.0,3378.0,3400.0,3400.0,4264795,0.0000,1.0,2180.46,2295.6,2142.5,2238.75,447.75,23693043,0.0000,1.0
2020-08-26,504.7165,507.97,500.33,506.09,126.304348585,40755567,0.0000,1.0,217.88,222.09,217.36,221.15,220.564836515,39600828,0.0000,1.0,3351.11,3451.7387,3344.5675,3441.85,3441.85,6508743,0.0000,1.0,2060.0,2166.0,2053.6291,2153.17,430.634,14239382,0.0000,1.0
2020-08-25,498.79,500.7172,492.21,499.3,124.609775432,52873947,0.0000,1.0,213.1,216.61,213.1,216.47,215.897219807,23043696,0.0000,1.0,3294.99,3357.4,3267.0,3346.49,3346.49,3992842,0.0000,1.0,1974.89,2027.95,1968.0,2023.34,404.668,10658893,0.0000,1.0
2020-08-24,514.79,515.14,495.745,503.43,125.640495185,86484442,0.0000,1.0,214.79,215.52,212.43,213.69,213.124575695,25460147,0.0000,1.0,3310.15,3380.315,3257.5608,3307.46,3307.46,4666258,0.0000,1.0,2126.275,2129.0,1927.52,2014.2,402.84,20063621,0.0000,1.0
2020-08-21,477.05,499.472,477.0,497.48,124.155559948,84513660,0.0000,1.0,213.86,216.25,212.85,213.02,212.456348516,36249319,0.0000,1.0,3295.0,3314.3962,3275.39,3284.72,3284.72,3575862,0.0000,1.0,2044.76,2095.49,2025.05,2049.98,409.996,21489559,0.0000,1.0
2020-08-20,463.0,473.568,462.9335,473.1,118.07106901,31726797,0.0000,1.0,209.54,215.0,208.91,214.58,214.012220752,26981478,0.0000,1.0,3252.0,3312.62,3238.0,3297.37,3297.37,3332478,0.0000,1.0,1860.68,2021.99,1857.06,2001.83,400.366,20611796,0.0000,1.0
2020-08-19,463.933,468.65,462.44,462.83,115.507995921,36384502,0.0000,1.0,211.49,212.1,209.25,209.7,209.145133245,27627561,0.5100,1.0,3303.01,3315.9,3256.0001,3260.48,3260.48,4185137,0.0000,1.0,1865.0,1911.0,1841.21,1878.53,375.706,12205331,0.0000,1.0
2020-08-18,457.41,464.0,456.03,462.25,115.363245931,26408385,0.0000,1.0,210.53,212.36,209.21,211.49,210.418649113,21336167,0.0000,1.0,3212.0,3320.0,3205.8187,3312.49,3312.49,5345974,0.0000,1.0,1898.99,1923.9,1845.11,1887.09,377.418,16474491,0.0000,1.0
2020-08-17,464.25,464.35,455.8501,458.43,114.409892552,29431414,0.0000,1.0,209.6,211.1874,208.915,210.28,209.214778644,20063496,0.0000,1.0,3173.12,3194.97,3154.1775,3182.41,3182.41,2675890,0.0000,1.0,1677.0,1845.86,1672.83,1835.64,367.128,20023104,0.0000,1.0
2020-08-14,459.315,460.0,452.18,459.63,114.709375289,41391302,0.0000,1.0,208.76,209.59,207.51,208.9,207.841769349,17958936,0.0000,1.0,3178.18,3178.2357,3120.0,3148.02,3148.02,2751723,0.0000,1.0,1664.99,1668.8,1626.64,1650.71,330.142,12577614,0.0000,1.0
2020-08-13,457.72,464.17,455.71,460.04,114.811698558,52520516,0.0000,1.0,209.44,211.35,208.15,208.7,207.642782495,22588870,0.0000,1.0,3182.99,3217.5211,3155.0,3161.02,3161.02,3149043,0.0000,1.0,1611.0,1651.18,1567.26,1621.0,324.2,20425308,0.0000,1.0
2020-08-12,441.99,453.1,441.19,452.04,112.815146978,41486205,0.0000,1.0,205.29,210.28,204.75,209.19,208.130300288,28041364,0.0000,1.0,3108.0,3174.385,3101.42,3162.24,3162.24,3527229,0.0000,1.0,1470.0,1585.0,1435.0,1554.76,310.952,21898834,0.0000,1.0
2020-08-11,447.875,449.93,436.4267,437.5,109.186414483,46975594,0.0000,1.0,207.155,207.65,203.14,203.38,202.34973217,36446459,0.0000,1.0,3113.2,3159.22,3073.0,3080.67,3080.67,3718057,0.0000,1.0,1396.0,1420.0,1365.0,1374.39,274.878,8625834,0.0000,1.0
2020-08-10,450.4,455.1,440.0,450.91,112.533134068,53100856,0.0000,1.0,211.67,211.88,206.35,208.25,207.195062073,36716462,0.0000,1.0,3170.31,3172.51,3101.52,3148.16,3148.16,3167274,0.0000,1.0,1448.0,1457.5,1385.84,1418.57,283.714,7522264,0.0000,1.0
2020-08-07,452.82,454.7,441.17,444.45,110.920918668,49511403,0.8200,1.0,214.85,215.7,210.93,212.48,211.403634042,27820421,0.0000,1.0,3224.01,3240.81,3140.6726,3167.46,3167.46,3936127,0.0000,1.0,1499.5365,1499.75,1415.01,1452.71,290.542,8896420,0.0000,1.0
2020-08-06,441.62,457.65,439.19,455.61,113.496709309,50607225,0.0000,1.0,212.34,216.3705,211.55,216.35,215.254029673,32656843,0.0000,1.0,3194.36,3247.47,3165.43,3225.0,3225.0,3940602,0.0000,1.0,1490.83,1517.31,1477.26,1489.58,297.916,5992313,0.0000,1.0
2020-08-05,437.51,441.57,435.59,440.25,109.670389749,30497988,0.0000,1.0,214.9,215.0,211.57,212.94,211.861303807,28858621,0.0000,1.0,3143.77,3213.5859,3127.3,3205.03,3205.03,3930025,0.0000,1.0,1492.99,1499.8384,1468.31,1485.02,297.004,4978015,0.0000,1.0
2020-08-04,436.53,443.16,433.55,438.66,109.274305888,43198092,0.0000,1.0,214.17,214.77,210.31,213.29,212.209530802,49280056,0.0000,1.0,3101.21,3167.24,3101.21,3138.83,3138.83,4694294,0.0000,1.0,1495.01,1527.41,1462.0,1487.0,297.4,8414990,0.0000,1.0
2020-08-03,432.8,446.5457,431.57,435.75,108.54939769,77037847,0.0000,1.0,211.52,217.64,210.44,216.54,215.443067185,78983009,0.0000,1.0,3180.51,3184.0,3104.0,3111.89,3111.89,5074663,0.0000,1.0,1449.2,1509.8101,1444.3844,1485.0,297.0,8809346,0.0000,1.0
2020-07-31,411.535,425.66,403.3,425.04,105.88143659,93573867,0.0000,1.0,204.4,205.1,199.01,205.01,203.971475033,51247969,0.0000,1.0,3244.0,3246.82,3151.0,3164.68,3164.68,8083369,0.0000,1.0,1515.0,1517.05,1420.98,1430.76,286.152,12246960,0.0000,1.0
2020-07-30,376.75,385.19,375.07,384.76,95.8473121176,39532505,0.0000,1.0,201.0,204.46,199.57,203.9,202.867097991,25079596,0.0000,1.0,3014.0,3092.0,3005.0,3051.88,3051.88,6128265,0.0000,1.0,1488.0,1513.24,1471.0,1487.49,297.498,7621039,0.0000,1.0
2020-07-29,375.0,380.92,374.85,380.16,94.7014091242,22582314,0.0000,1.0,202.5,204.65,202.01,204.06,203.026287474,19632602,0.0000,1.0,3030.99,3039.1592,2996.77,3033.53,3033.53,2974060,0.0000,1.0,1501.0,1534.81,1487.0,1499.11,299.822,9426893,0.0000,1.0
2020-07-28,377.47,378.1986,372.99,373.01,92.9202772975,25906375,0.0000,1.0,203.61,204.7,201.74,202.02,200.99662156,23251388,0.0000,1.0,3054.27,3077.0926,2995.76,3000.33,3000.33,3126651,0.0000,1.0,1504.0,1564.7,1474.42,1476.49,295.298,15808700,0.0000,1.0
2020-07-27,374.84,379.62,373.92,379.24,94.4722285255,30303548,0.0000,1.0,201.47,203.97,200.86,203.85,202.817351277,30160867,0.0000,1.0,3062.0,3098.0,3015.77,3055.21,3055.21,4170492,0.0000,1.0,1435.0,1547.94,1413.0003,1539.6,307.92,16048669,0.0000,1.0
2020-07-24,363.95,371.88,356.58,370.46,92.2850484642,46359716,0.0000,1.0,200.42,202.86,197.51,201.3,200.280268885,39826989,0.0000,1.0,2930.0,3031.58,2888.0,3008.91,3008.91,5632413,0.0000,1.0,1416.01,1465.0,1366.5401,1417.0,283.4,19396616,0.0000,1.0
2020-07-23,387.9935,388.31,368.039,371.38,92.5142290629,49251108,0.0000,1.0,207.19,210.92,202.15,202.54,201.513987382,67457035,0.0000,1.0,3098.2713,3098.2713,2970.0,2986.55,2986.55,5656906,0.0000,1.0,1678.95,1689.0,1480.77,1513.07,302.614,24328504,0.0000,1.0
